Method,Job,AnalyzeLaunchVariance,EvaluateOverhead,MaxAbsoluteError,MaxRelativeError,MinInvokeCount,MinIterationTime,OutlierMode,Affinity,EnvironmentVariables,Jit,LargeAddressAware,Platform,PowerPlanMode,Runtime,AllowVeryLargeObjects,Concurrent,CpuGroups,Force,HeapAffinitizeMask,HeapCount,NoAffinitize,RetainVm,Server,Arguments,BuildConfiguration,Clock,EngineFactory,NuGetReferences,Toolchain,IsMutator,InvocationCount,IterationCount,IterationTime,LaunchCount,MaxIterationCount,MaxWarmupIterationCount,MemoryRandomization,MinIterationCount,MinWarmupIterationCount,RunStrategy,UnrollFactor,WarmupCount,TestName,Mean,Error,StdDev,Gen0,Gen1,Gen2,Allocated
ConvertHl7v2Message,Job-NVTHUN,False,Default,Default,Default,Default,Default,Default,11111111,Empty,RyuJit,Default,X64,8c5e7fda-e8bf-4a96-9a85-a6e23a8c635c,.NET 6.0,False,True,False,True,Default,Default,False,False,False,Default,Default,Default,Default,Default,Default,Default,10,10,Default,1,Default,Default,Default,Default,Default,Default,1,1,Test ADT_A01 0,525.963 ms,5.1222 ms,2.6790 ms,20000.0000,16700.0000,15700.0000,938.57 MB
ConvertHl7v2Message,Job-NVTHUN,False,Default,Default,Default,Default,Default,Default,11111111,Empty,RyuJit,Default,X64,8c5e7fda-e8bf-4a96-9a85-a6e23a8c635c,.NET 6.0,False,True,False,True,Default,Default,False,False,False,Default,Default,Default,Default,Default,Default,Default,10,10,Default,1,Default,Default,Default,Default,Default,Default,1,1,Test ADT_A01 1,78.331 ms,1.6778 ms,0.9984 ms,3500.0000,3300.0000,2000.0000,101.09 MB
ConvertHl7v2Message,Job-NVTHUN,False,Default,Default,Default,Default,Default,Default,11111111,Empty,RyuJit,Default,X64,8c5e7fda-e8bf-4a96-9a85-a6e23a8c635c,.NET 6.0,False,True,False,True,Default,Default,False,False,False,Default,Default,Default,Default,Default,Default,Default,10,10,Default,1,Default,Default,Default,Default,Default,Default,1,1,Test ADT_A01 119,152.666 ms,2.8992 ms,1.7253 ms,6200.0000,5300.0000,4400.0000,237.84 MB
ConvertHl7v2Message,Job-NVTHUN,False,Default,Default,Default,Default,Default,Default,11111111,Empty,RyuJit,Default,X64,8c5e7fda-e8bf-4a96-9a85-a6e23a8c635c,.NET 6.0,False,True,False,True,Default,Default,False,False,False,Default,Default,Default,Default,Default,Default,Default,10,10,Default,1,Default,Default,Default,Default,Default,Default,1,1,Test ADT_A01 120,16.507 ms,2.7069 ms,1.7904 ms,800.0000,400.0000,100.0000,14.87 MB
ConvertHl7v2Message,Job-NVTHUN,False,Default,Default,Default,Default,Default,Default,11111111,Empty,RyuJit,Default,X64,8c5e7fda-e8bf-4a96-9a85-a6e23a8c635c,.NET 6.0,False,True,False,True,Default,Default,False,False,False,Default,Default,Default,Default,Default,Default,Default,10,10,Default,1,Default,Default,Default,Default,Default,Default,1,1,Test ADT_A02 2,269.896 ms,23.1153 ms,15.2893 ms,10000.0000,8000.0000,7200.0000,386.22 MB
ConvertHl7v2Message,Job-NVTHUN,False,Default,Default,Default,Default,Default,Default,11111111,Empty,RyuJit,Default,X64,8c5e7fda-e8bf-4a96-9a85-a6e23a8c635c,.NET 6.0,False,True,False,True,Default,Default,False,False,False,Default,Default,Default,Default,Default,Default,Default,10,10,Default,1,Default,Default,Default,Default,Default,Default,1,1,Test ADT_A02 3,78.990 ms,1.3275 ms,0.7900 ms,3400.0000,2600.0000,2000.0000,100.83 MB
ConvertHl7v2Message,Job-NVTHUN,False,Default,Default,Default,Default,Default,Default,11111111,Empty,RyuJit,Default,X64,8c5e7fda-e8bf-4a96-9a85-a6e23a8c635c,.NET 6.0,False,True,False,True,Default,Default,False,False,False,Default,Default,Default,Default,Default,Default,Default,10,10,Default,1,Default,Default,Default,Default,Default,Default,1,1,Test ADT_A03 4,506.788 ms,15.6994 ms,8.2111 ms,19200.0000,16000.0000,15000.0000,887.45 MB
ConvertHl7v2Message,Job-NVTHUN,False,Default,Default,Default,Default,Default,Default,11111111,Empty,RyuJit,Default,X64,8c5e7fda-e8bf-4a96-9a85-a6e23a8c635c,.NET 6.0,False,True,False,True,Default,Default,False,False,False,Default,Default,Default,Default,Default,Default,Default,10,10,Default,1,Default,Default,Default,Default,Default,Default,1,1,Test ADT_A03 5,78.610 ms,0.9587 ms,0.5014 ms,3400.0000,2900.0000,1900.0000,101.06 MB
ConvertHl7v2Message,Job-NVTHUN,False,Default,Default,Default,Default,Default,Default,11111111,Empty,RyuJit,Default,X64,8c5e7fda-e8bf-4a96-9a85-a6e23a8c635c,.NET 6.0,False,True,False,True,Default,Default,False,False,False,Default,Default,Default,Default,Default,Default,Default,10,10,Default,1,Default,Default,Default,Default,Default,Default,1,1,Test ADT_A04 121,46.843 ms,0.8006 ms,0.4764 ms,2100.0000,1600.0000,1000.0000,48.32 MB
ConvertHl7v2Message,Job-NVTHUN,False,Default,Default,Default,Default,Default,Default,11111111,Empty,RyuJit,Default,X64,8c5e7fda-e8bf-4a96-9a85-a6e23a8c635c,.NET 6.0,False,True,False,True,Default,Default,False,False,False,Default,Default,Default,Default,Default,Default,Default,10,10,Default,1,Default,Default,Default,Default,Default,Default,1,1,Test ADT_A04 122,10.395 ms,1.9927 ms,1.3180 ms,600.0000,200.0000,0.0000,10.33 MB
ConvertHl7v2Message,Job-NVTHUN,False,Default,Default,Default,Default,Default,Default,11111111,Empty,RyuJit,Default,X64,8c5e7fda-e8bf-4a96-9a85-a6e23a8c635c,.NET 6.0,False,True,False,True,Default,Default,False,False,False,Default,Default,Default,Default,Default,Default,Default,10,10,Default,1,Default,Default,Default,Default,Default,Default,1,1,Test ADT_A04 123,26.251 ms,4.4453 ms,2.9403 ms,1400.0000,800.0000,300.0000,30.48 MB
ConvertHl7v2Message,Job-NVTHUN,False,Default,Default,Default,Default,Default,Default,11111111,Empty,RyuJit,Default,X64,8c5e7fda-e8bf-4a96-9a85-a6e23a8c635c,.NET 6.0,False,True,False,True,Default,Default,False,False,False,Default,Default,Default,Default,Default,Default,Default,10,10,Default,1,Default,Default,Default,Default,Default,Default,1,1,Test ADT_A04 6,506.182 ms,15.9721 ms,8.3537 ms,19300.0000,16100.0000,15100.0000,887.62 MB
ConvertHl7v2Message,Job-NVTHUN,False,Default,Default,Default,Default,Default,Default,11111111,Empty,RyuJit,Default,X64,8c5e7fda-e8bf-4a96-9a85-a6e23a8c635c,.NET 6.0,False,True,False,True,Default,Default,False,False,False,Default,Default,Default,Default,Default,Default,Default,10,10,Default,1,Default,Default,Default,Default,Default,Default,1,1,Test ADT_A04 7,90.236 ms,3.2185 ms,2.1288 ms,3900.0000,3200.0000,2300.0000,119.01 MB
ConvertHl7v2Message,Job-NVTHUN,False,Default,Default,Default,Default,Default,Default,11111111,Empty,RyuJit,Default,X64,8c5e7fda-e8bf-4a96-9a85-a6e23a8c635c,.NET 6.0,False,True,False,True,Default,Default,False,False,False,Default,Default,Default,Default,Default,Default,Default,10,10,Default,1,Default,Default,Default,Default,Default,Default,1,1,Test ADT_A05 8,470.793 ms,41.8891 ms,27.7070 ms,17700.0000,14700.0000,13700.0000,797.91 MB
ConvertHl7v2Message,Job-NVTHUN,False,Default,Default,Default,Default,Default,Default,11111111,Empty,RyuJit,Default,X64,8c5e7fda-e8bf-4a96-9a85-a6e23a8c635c,.NET 6.0,False,True,False,True,Default,Default,False,False,False,Default,Default,Default,Default,Default,Default,Default,10,10,Default,1,Default,Default,Default,Default,Default,Default,1,1,Test ADT_A05 9,89.758 ms,1.4753 ms,0.8779 ms,4000.0000,3000.0000,2400.0000,119 MB
ConvertHl7v2Message,Job-NVTHUN,False,Default,Default,Default,Default,Default,Default,11111111,Empty,RyuJit,Default,X64,8c5e7fda-e8bf-4a96-9a85-a6e23a8c635c,.NET 6.0,False,True,False,True,Default,Default,False,False,False,Default,Default,Default,Default,Default,Default,Default,10,10,Default,1,Default,Default,Default,Default,Default,Default,1,1,Test ADT_A06 10,243.939 ms,8.5361 ms,5.6461 ms,9800.0000,7800.0000,7000.0000,382.09 MB
ConvertHl7v2Message,Job-NVTHUN,False,Default,Default,Default,Default,Default,Default,11111111,Empty,RyuJit,Default,X64,8c5e7fda-e8bf-4a96-9a85-a6e23a8c635c,.NET 6.0,False,True,False,True,Default,Default,False,False,False,Default,Default,Default,Default,Default,Default,Default,10,10,Default,1,Default,Default,Default,Default,Default,Default,1,1,Test ADT_A06 11,25.342 ms,2.3272 ms,1.2172 ms,1300.0000,700.0000,300.0000,28.46 MB
ConvertHl7v2Message,Job-NVTHUN,False,Default,Default,Default,Default,Default,Default,11111111,Empty,RyuJit,Default,X64,8c5e7fda-e8bf-4a96-9a85-a6e23a8c635c,.NET 6.0,False,True,False,True,Default,Default,False,False,False,Default,Default,Default,Default,Default,Default,Default,10,10,Default,1,Default,Default,Default,Default,Default,Default,1,1,Test ADT_A07 12,245.346 ms,4.0865 ms,2.7030 ms,9900.0000,8000.0000,7200.0000,382.86 MB
ConvertHl7v2Message,Job-NVTHUN,False,Default,Default,Default,Default,Default,Default,11111111,Empty,RyuJit,Default,X64,8c5e7fda-e8bf-4a96-9a85-a6e23a8c635c,.NET 6.0,False,True,False,True,Default,Default,False,False,False,Default,Default,Default,Default,Default,Default,Default,10,10,Default,1,Default,Default,Default,Default,Default,Default,1,1,Test ADT_A07 13,25.802 ms,1.7074 ms,0.8930 ms,1400.0000,800.0000,400.0000,30.18 MB
ConvertHl7v2Message,Job-NVTHUN,False,Default,Default,Default,Default,Default,Default,11111111,Empty,RyuJit,Default,X64,8c5e7fda-e8bf-4a96-9a85-a6e23a8c635c,.NET 6.0,False,True,False,True,Default,Default,False,False,False,Default,Default,Default,Default,Default,Default,Default,10,10,Default,1,Default,Default,Default,Default,Default,Default,1,1,Test ADT_A08 14,503.498 ms,15.5380 ms,8.1267 ms,19400.0000,16200.0000,15200.0000,888.34 MB
ConvertHl7v2Message,Job-NVTHUN,False,Default,Default,Default,Default,Default,Default,11111111,Empty,RyuJit,Default,X64,8c5e7fda-e8bf-4a96-9a85-a6e23a8c635c,.NET 6.0,False,True,False,True,Default,Default,False,False,False,Default,Default,Default,Default,Default,Default,Default,10,10,Default,1,Default,Default,Default,Default,Default,Default,1,1,Test ADT_A08 15,78.461 ms,1.0910 ms,0.6492 ms,3500.0000,3100.0000,2000.0000,101.02 MB
ConvertHl7v2Message,Job-NVTHUN,False,Default,Default,Default,Default,Default,Default,11111111,Empty,RyuJit,Default,X64,8c5e7fda-e8bf-4a96-9a85-a6e23a8c635c,.NET 6.0,False,True,False,True,Default,Default,False,False,False,Default,Default,Default,Default,Default,Default,Default,10,10,Default,1,Default,Default,Default,Default,Default,Default,1,1,Test ADT_A09 16,57.448 ms,1.4421 ms,0.8582 ms,2500.0000,1900.0000,1300.0000,70.64 MB
ConvertHl7v2Message,Job-NVTHUN,False,Default,Default,Default,Default,Default,Default,11111111,Empty,RyuJit,Default,X64,8c5e7fda-e8bf-4a96-9a85-a6e23a8c635c,.NET 6.0,False,True,False,True,Default,Default,False,False,False,Default,Default,Default,Default,Default,Default,Default,10,10,Default,1,Default,Default,Default,Default,Default,Default,1,1,Test ADT_A09 17,30.927 ms,1.8680 ms,1.1116 ms,1600.0000,1100.0000,500.0000,34.04 MB
ConvertHl7v2Message,Job-NVTHUN,False,Default,Default,Default,Default,Default,Default,11111111,Empty,RyuJit,Default,X64,8c5e7fda-e8bf-4a96-9a85-a6e23a8c635c,.NET 6.0,False,True,False,True,Default,Default,False,False,False,Default,Default,Default,Default,Default,Default,Default,10,10,Default,1,Default,Default,Default,Default,Default,Default,1,1,Test ADT_A10 18,57.179 ms,2.0860 ms,1.2413 ms,2500.0000,2100.0000,1300.0000,70.65 MB
ConvertHl7v2Message,Job-NVTHUN,False,Default,Default,Default,Default,Default,Default,11111111,Empty,RyuJit,Default,X64,8c5e7fda-e8bf-4a96-9a85-a6e23a8c635c,.NET 6.0,False,True,False,True,Default,Default,False,False,False,Default,Default,Default,Default,Default,Default,Default,10,10,Default,1,Default,Default,Default,Default,Default,Default,1,1,Test ADT_A10 19,31.867 ms,1.7372 ms,1.1491 ms,1600.0000,1100.0000,500.0000,34.06 MB
ConvertHl7v2Message,Job-NVTHUN,False,Default,Default,Default,Default,Default,Default,11111111,Empty,RyuJit,Default,X64,8c5e7fda-e8bf-4a96-9a85-a6e23a8c635c,.NET 6.0,False,True,False,True,Default,Default,False,False,False,Default,Default,Default,Default,Default,Default,Default,10,10,Default,1,Default,Default,Default,Default,Default,Default,1,1,Test ADT_A11 20,149.107 ms,1.9728 ms,1.1740 ms,6100.0000,5000.0000,4000.0000,216 MB
ConvertHl7v2Message,Job-NVTHUN,False,Default,Default,Default,Default,Default,Default,11111111,Empty,RyuJit,Default,X64,8c5e7fda-e8bf-4a96-9a85-a6e23a8c635c,.NET 6.0,False,True,False,True,Default,Default,False,False,False,Default,Default,Default,Default,Default,Default,Default,10,10,Default,1,Default,Default,Default,Default,Default,Default,1,1,Test ADT_A11 21,91.092 ms,3.0757 ms,2.0344 ms,3900.0000,3100.0000,2300.0000,118.81 MB
ConvertHl7v2Message,Job-NVTHUN,False,Default,Default,Default,Default,Default,Default,11111111,Empty,RyuJit,Default,X64,8c5e7fda-e8bf-4a96-9a85-a6e23a8c635c,.NET 6.0,False,True,False,True,Default,Default,False,False,False,Default,Default,Default,Default,Default,Default,Default,10,10,Default,1,Default,Default,Default,Default,Default,Default,1,1,Test ADT_A13 22,481.510 ms,10.3780 ms,5.4279 ms,18300.0000,15100.0000,14100.0000,889.01 MB
ConvertHl7v2Message,Job-NVTHUN,False,Default,Default,Default,Default,Default,Default,11111111,Empty,RyuJit,Default,X64,8c5e7fda-e8bf-4a96-9a85-a6e23a8c635c,.NET 6.0,False,True,False,True,Default,Default,False,False,False,Default,Default,Default,Default,Default,Default,Default,10,10,Default,1,Default,Default,Default,Default,Default,Default,1,1,Test ADT_A13 23,91.064 ms,3.6175 ms,2.3928 ms,3900.0000,3100.0000,2300.0000,119.05 MB
ConvertHl7v2Message,Job-NVTHUN,False,Default,Default,Default,Default,Default,Default,11111111,Empty,RyuJit,Default,X64,8c5e7fda-e8bf-4a96-9a85-a6e23a8c635c,.NET 6.0,False,True,False,True,Default,Default,False,False,False,Default,Default,Default,Default,Default,Default,Default,10,10,Default,1,Default,Default,Default,Default,Default,Default,1,1,Test ADT_A14 24,472.108 ms,40.9113 ms,27.0603 ms,17200.0000,14200.0000,13200.0000,797.87 MB
ConvertHl7v2Message,Job-NVTHUN,False,Default,Default,Default,Default,Default,Default,11111111,Empty,RyuJit,Default,X64,8c5e7fda-e8bf-4a96-9a85-a6e23a8c635c,.NET 6.0,False,True,False,True,Default,Default,False,False,False,Default,Default,Default,Default,Default,Default,Default,10,10,Default,1,Default,Default,Default,Default,Default,Default,1,1,Test ADT_A14 25,90.767 ms,2.7910 ms,1.6609 ms,4000.0000,3000.0000,2400.0000,118.99 MB
ConvertHl7v2Message,Job-NVTHUN,False,Default,Default,Default,Default,Default,Default,11111111,Empty,RyuJit,Default,X64,8c5e7fda-e8bf-4a96-9a85-a6e23a8c635c,.NET 6.0,False,True,False,True,Default,Default,False,False,False,Default,Default,Default,Default,Default,Default,Default,10,10,Default,1,Default,Default,Default,Default,Default,Default,1,1,Test ADT_A15 26,220.414 ms,6.0160 ms,3.9792 ms,8700.0000,7000.0000,6100.0000,328.17 MB
ConvertHl7v2Message,Job-NVTHUN,False,Default,Default,Default,Default,Default,Default,11111111,Empty,RyuJit,Default,X64,8c5e7fda-e8bf-4a96-9a85-a6e23a8c635c,.NET 6.0,False,True,False,True,Default,Default,False,False,False,Default,Default,Default,Default,Default,Default,Default,10,10,Default,1,Default,Default,Default,Default,Default,Default,1,1,Test ADT_A15 27,78.989 ms,0.7712 ms,0.4589 ms,3400.0000,2600.0000,2000.0000,100.96 MB
ConvertHl7v2Message,Job-NVTHUN,False,Default,Default,Default,Default,Default,Default,11111111,Empty,RyuJit,Default,X64,8c5e7fda-e8bf-4a96-9a85-a6e23a8c635c,.NET 6.0,False,True,False,True,Default,Default,False,False,False,Default,Default,Default,Default,Default,Default,Default,10,10,Default,1,Default,Default,Default,Default,Default,Default,1,1,Test ADT_A16 28,469.805 ms,40.1720 ms,26.5713 ms,17500.0000,14500.0000,13500.0000,799.7 MB
ConvertHl7v2Message,Job-NVTHUN,False,Default,Default,Default,Default,Default,Default,11111111,Empty,RyuJit,Default,X64,8c5e7fda-e8bf-4a96-9a85-a6e23a8c635c,.NET 6.0,False,True,False,True,Default,Default,False,False,False,Default,Default,Default,Default,Default,Default,Default,10,10,Default,1,Default,Default,Default,Default,Default,Default,1,1,Test ADT_A16 29,89.815 ms,2.3145 ms,1.5309 ms,4000.0000,3100.0000,2400.0000,118.98 MB
ConvertHl7v2Message,Job-NVTHUN,False,Default,Default,Default,Default,Default,Default,11111111,Empty,RyuJit,Default,X64,8c5e7fda-e8bf-4a96-9a85-a6e23a8c635c,.NET 6.0,False,True,False,True,Default,Default,False,False,False,Default,Default,Default,Default,Default,Default,Default,10,10,Default,1,Default,Default,Default,Default,Default,Default,1,1,Test ADT_A25 30,153.939 ms,2.6138 ms,1.7288 ms,6100.0000,4800.0000,4000.0000,216.03 MB
ConvertHl7v2Message,Job-NVTHUN,False,Default,Default,Default,Default,Default,Default,11111111,Empty,RyuJit,Default,X64,8c5e7fda-e8bf-4a96-9a85-a6e23a8c635c,.NET 6.0,False,True,False,True,Default,Default,False,False,False,Default,Default,Default,Default,Default,Default,Default,10,10,Default,1,Default,Default,Default,Default,Default,Default,1,1,Test ADT_A25 31,90.523 ms,2.5167 ms,1.6646 ms,4000.0000,3100.0000,2400.0000,118.92 MB
ConvertHl7v2Message,Job-NVTHUN,False,Default,Default,Default,Default,Default,Default,11111111,Empty,RyuJit,Default,X64,8c5e7fda-e8bf-4a96-9a85-a6e23a8c635c,.NET 6.0,False,True,False,True,Default,Default,False,False,False,Default,Default,Default,Default,Default,Default,Default,10,10,Default,1,Default,Default,Default,Default,Default,Default,1,1,Test ADT_A26 32,146.661 ms,2.7581 ms,1.8243 ms,6000.0000,5000.0000,4000.0000,200.7 MB
ConvertHl7v2Message,Job-NVTHUN,False,Default,Default,Default,Default,Default,Default,11111111,Empty,RyuJit,Default,X64,8c5e7fda-e8bf-4a96-9a85-a6e23a8c635c,.NET 6.0,False,True,False,True,Default,Default,False,False,False,Default,Default,Default,Default,Default,Default,Default,10,10,Default,1,Default,Default,Default,Default,Default,Default,1,1,Test ADT_A26 33,77.617 ms,2.5663 ms,1.6974 ms,3400.0000,2600.0000,2000.0000,96.86 MB
ConvertHl7v2Message,Job-NVTHUN,False,Default,Default,Default,Default,Default,Default,11111111,Empty,RyuJit,Default,X64,8c5e7fda-e8bf-4a96-9a85-a6e23a8c635c,.NET 6.0,False,True,False,True,Default,Default,False,False,False,Default,Default,Default,Default,Default,Default,Default,10,10,Default,1,Default,Default,Default,Default,Default,Default,1,1,Test ADT_A27 34,152.165 ms,2.3124 ms,1.3761 ms,6100.0000,4900.0000,4000.0000,215.8 MB
ConvertHl7v2Message,Job-NVTHUN,False,Default,Default,Default,Default,Default,Default,11111111,Empty,RyuJit,Default,X64,8c5e7fda-e8bf-4a96-9a85-a6e23a8c635c,.NET 6.0,False,True,False,True,Default,Default,False,False,False,Default,Default,Default,Default,Default,Default,Default,10,10,Default,1,Default,Default,Default,Default,Default,Default,1,1,Test ADT_A27 35,89.614 ms,2.5452 ms,1.5146 ms,4000.0000,3100.0000,2400.0000,118.84 MB
ConvertHl7v2Message,Job-NVTHUN,False,Default,Default,Default,Default,Default,Default,11111111,Empty,RyuJit,Default,X64,8c5e7fda-e8bf-4a96-9a85-a6e23a8c635c,.NET 6.0,False,True,False,True,Default,Default,False,False,False,Default,Default,Default,Default,Default,Default,Default,10,10,Default,1,Default,Default,Default,Default,Default,Default,1,1,Test ADT_A28 36,451.431 ms,6.5263 ms,4.3168 ms,17300.0000,14300.0000,13300.0000,797.4 MB
ConvertHl7v2Message,Job-NVTHUN,False,Default,Default,Default,Default,Default,Default,11111111,Empty,RyuJit,Default,X64,8c5e7fda-e8bf-4a96-9a85-a6e23a8c635c,.NET 6.0,False,True,False,True,Default,Default,False,False,False,Default,Default,Default,Default,Default,Default,Default,10,10,Default,1,Default,Default,Default,Default,Default,Default,1,1,Test ADT_A28 37,77.987 ms,1.3050 ms,0.6825 ms,3500.0000,3300.0000,2000.0000,101 MB
ConvertHl7v2Message,Job-NVTHUN,False,Default,Default,Default,Default,Default,Default,11111111,Empty,RyuJit,Default,X64,8c5e7fda-e8bf-4a96-9a85-a6e23a8c635c,.NET 6.0,False,True,False,True,Default,Default,False,False,False,Default,Default,Default,Default,Default,Default,Default,10,10,Default,1,Default,Default,Default,Default,Default,Default,1,1,Test ADT_A29 38,153.815 ms,1.9405 ms,1.2835 ms,6100.0000,4900.0000,4000.0000,218.43 MB
ConvertHl7v2Message,Job-NVTHUN,False,Default,Default,Default,Default,Default,Default,11111111,Empty,RyuJit,Default,X64,8c5e7fda-e8bf-4a96-9a85-a6e23a8c635c,.NET 6.0,False,True,False,True,Default,Default,False,False,False,Default,Default,Default,Default,Default,Default,Default,10,10,Default,1,Default,Default,Default,Default,Default,Default,1,1,Test ADT_A29 39,79.221 ms,0.9301 ms,0.5535 ms,3500.0000,3300.0000,2000.0000,101.88 MB
ConvertHl7v2Message,Job-NVTHUN,False,Default,Default,Default,Default,Default,Default,11111111,Empty,RyuJit,Default,X64,8c5e7fda-e8bf-4a96-9a85-a6e23a8c635c,.NET 6.0,False,True,False,True,Default,Default,False,False,False,Default,Default,Default,Default,Default,Default,Default,10,10,Default,1,Default,Default,Default,Default,Default,Default,1,1,Test ADT_A31 40,475.930 ms,36.9695 ms,24.4530 ms,17200.0000,14200.0000,13200.0000,797.36 MB
ConvertHl7v2Message,Job-NVTHUN,False,Default,Default,Default,Default,Default,Default,11111111,Empty,RyuJit,Default,X64,8c5e7fda-e8bf-4a96-9a85-a6e23a8c635c,.NET 6.0,False,True,False,True,Default,Default,False,False,False,Default,Default,Default,Default,Default,Default,Default,10,10,Default,1,Default,Default,Default,Default,Default,Default,1,1,Test ADT_A31 41,79.675 ms,2.7177 ms,1.7976 ms,3400.0000,2600.0000,2000.0000,100.91 MB
ConvertHl7v2Message,Job-NVTHUN,False,Default,Default,Default,Default,Default,Default,11111111,Empty,RyuJit,Default,X64,8c5e7fda-e8bf-4a96-9a85-a6e23a8c635c,.NET 6.0,False,True,False,True,Default,Default,False,False,False,Default,Default,Default,Default,Default,Default,Default,10,10,Default,1,Default,Default,Default,Default,Default,Default,1,1,Test ADT_A40 42,6.303 ms,0.2938 ms,0.1748 ms,200.0000,0.0000,0.0000,4.4 MB
ConvertHl7v2Message,Job-NVTHUN,False,Default,Default,Default,Default,Default,Default,11111111,Empty,RyuJit,Default,X64,8c5e7fda-e8bf-4a96-9a85-a6e23a8c635c,.NET 6.0,False,True,False,True,Default,Default,False,False,False,Default,Default,Default,Default,Default,Default,Default,10,10,Default,1,Default,Default,Default,Default,Default,Default,1,1,Test ADT_A40 43,6.894 ms,0.3900 ms,0.2580 ms,300.0000,100.0000,0.0000,4.93 MB
ConvertHl7v2Message,Job-NVTHUN,False,Default,Default,Default,Default,Default,Default,11111111,Empty,RyuJit,Default,X64,8c5e7fda-e8bf-4a96-9a85-a6e23a8c635c,.NET 6.0,False,True,False,True,Default,Default,False,False,False,Default,Default,Default,Default,Default,Default,Default,10,10,Default,1,Default,Default,Default,Default,Default,Default,1,1,Test ADT_A41 44,17.146 ms,3.7262 ms,2.4647 ms,1100.0000,500.0000,0.0000,19.34 MB
ConvertHl7v2Message,Job-NVTHUN,False,Default,Default,Default,Default,Default,Default,11111111,Empty,RyuJit,Default,X64,8c5e7fda-e8bf-4a96-9a85-a6e23a8c635c,.NET 6.0,False,True,False,True,Default,Default,False,False,False,Default,Default,Default,Default,Default,Default,Default,10,10,Default,1,Default,Default,Default,Default,Default,Default,1,1,Test ADT_A41 45,21.632 ms,4.3961 ms,2.9078 ms,1400.0000,200.0000,0.0000,24.42 MB
ConvertHl7v2Message,Job-NVTHUN,False,Default,Default,Default,Default,Default,Default,11111111,Empty,RyuJit,Default,X64,8c5e7fda-e8bf-4a96-9a85-a6e23a8c635c,.NET 6.0,False,True,False,True,Default,Default,False,False,False,Default,Default,Default,Default,Default,Default,Default,10,10,Default,1,Default,Default,Default,Default,Default,Default,1,1,Test ADT_A45 46,20.540 ms,3.6597 ms,2.4206 ms,1200.0000,600.0000,100.0000,22.7 MB
ConvertHl7v2Message,Job-NVTHUN,False,Default,Default,Default,Default,Default,Default,11111111,Empty,RyuJit,Default,X64,8c5e7fda-e8bf-4a96-9a85-a6e23a8c635c,.NET 6.0,False,True,False,True,Default,Default,False,False,False,Default,Default,Default,Default,Default,Default,Default,10,10,Default,1,Default,Default,Default,Default,Default,Default,1,1,Test ADT_A45 47,22.657 ms,3.5889 ms,2.3738 ms,1200.0000,600.0000,200.0000,22.14 MB
ConvertHl7v2Message,Job-NVTHUN,False,Default,Default,Default,Default,Default,Default,11111111,Empty,RyuJit,Default,X64,8c5e7fda-e8bf-4a96-9a85-a6e23a8c635c,.NET 6.0,False,True,False,True,Default,Default,False,False,False,Default,Default,Default,Default,Default,Default,Default,10,10,Default,1,Default,Default,Default,Default,Default,Default,1,1,Test ADT_A47 48,10.424 ms,1.8597 ms,1.2301 ms,600.0000,200.0000,0.0000,11.05 MB
ConvertHl7v2Message,Job-NVTHUN,False,Default,Default,Default,Default,Default,Default,11111111,Empty,RyuJit,Default,X64,8c5e7fda-e8bf-4a96-9a85-a6e23a8c635c,.NET 6.0,False,True,False,True,Default,Default,False,False,False,Default,Default,Default,Default,Default,Default,Default,10,10,Default,1,Default,Default,Default,Default,Default,Default,1,1,Test ADT_A47 49,11.702 ms,1.8555 ms,1.2273 ms,700.0000,200.0000,0.0000,11.75 MB
ConvertHl7v2Message,Job-NVTHUN,False,Default,Default,Default,Default,Default,Default,11111111,Empty,RyuJit,Default,X64,8c5e7fda-e8bf-4a96-9a85-a6e23a8c635c,.NET 6.0,False,True,False,True,Default,Default,False,False,False,Default,Default,Default,Default,Default,Default,Default,10,10,Default,1,Default,Default,Default,Default,Default,Default,1,1,Test ADT_A60 50,151.621 ms,2.9512 ms,1.9520 ms,6000.0000,5100.0000,4000.0000,199.32 MB
ConvertHl7v2Message,Job-NVTHUN,False,Default,Default,Default,Default,Default,Default,11111111,Empty,RyuJit,Default,X64,8c5e7fda-e8bf-4a96-9a85-a6e23a8c635c,.NET 6.0,False,True,False,True,Default,Default,False,False,False,Default,Default,Default,Default,Default,Default,Default,10,10,Default,1,Default,Default,Default,Default,Default,Default,1,1,Test ADT_A60 51,38.403 ms,4.5519 ms,2.3808 ms,1600.0000,1200.0000,700.0000,43.76 MB
ConvertHl7v2Message,Job-NVTHUN,False,Default,Default,Default,Default,Default,Default,11111111,Empty,RyuJit,Default,X64,8c5e7fda-e8bf-4a96-9a85-a6e23a8c635c,.NET 6.0,False,True,False,True,Default,Default,False,False,False,Default,Default,Default,Default,Default,Default,Default,10,10,Default,1,Default,Default,Default,Default,Default,Default,1,1,Test BAR_P01 103,388.966 ms,36.8047 ms,24.3440 ms,14400.0000,11700.0000,10700.0000,616.03 MB
ConvertHl7v2Message,Job-NVTHUN,False,Default,Default,Default,Default,Default,Default,11111111,Empty,RyuJit,Default,X64,8c5e7fda-e8bf-4a96-9a85-a6e23a8c635c,.NET 6.0,False,True,False,True,Default,Default,False,False,False,Default,Default,Default,Default,Default,Default,Default,10,10,Default,1,Default,Default,Default,Default,Default,Default,1,1,Test BAR_P01 104,704.922 ms,16.2245 ms,8.4857 ms,27100.0000,22800.0000,21700.0000,1331.04 MB
ConvertHl7v2Message,Job-NVTHUN,False,Default,Default,Default,Default,Default,Default,11111111,Empty,RyuJit,Default,X64,8c5e7fda-e8bf-4a96-9a85-a6e23a8c635c,.NET 6.0,False,True,False,True,Default,Default,False,False,False,Default,Default,Default,Default,Default,Default,Default,10,10,Default,1,Default,Default,Default,Default,Default,Default,1,1,Test BAR_P02 105,114.433 ms,3.8297 ms,2.5331 ms,4900.0000,4000.0000,3000.0000,163.75 MB
ConvertHl7v2Message,Job-NVTHUN,False,Default,Default,Default,Default,Default,Default,11111111,Empty,RyuJit,Default,X64,8c5e7fda-e8bf-4a96-9a85-a6e23a8c635c,.NET 6.0,False,True,False,True,Default,Default,False,False,False,Default,Default,Default,Default,Default,Default,Default,10,10,Default,1,Default,Default,Default,Default,Default,Default,1,1,Test BAR_P02 106,220.480 ms,8.0691 ms,5.3372 ms,8800.0000,7200.0000,6200.0000,337.44 MB
ConvertHl7v2Message,Job-NVTHUN,False,Default,Default,Default,Default,Default,Default,11111111,Empty,RyuJit,Default,X64,8c5e7fda-e8bf-4a96-9a85-a6e23a8c635c,.NET 6.0,False,True,False,True,Default,Default,False,False,False,Default,Default,Default,Default,Default,Default,Default,10,10,Default,1,Default,Default,Default,Default,Default,Default,1,1,Test BAR_P12 107,174.370 ms,7.2417 ms,4.7899 ms,7200.0000,5600.0000,4800.0000,245.49 MB
ConvertHl7v2Message,Job-NVTHUN,False,Default,Default,Default,Default,Default,Default,11111111,Empty,RyuJit,Default,X64,8c5e7fda-e8bf-4a96-9a85-a6e23a8c635c,.NET 6.0,False,True,False,True,Default,Default,False,False,False,Default,Default,Default,Default,Default,Default,Default,10,10,Default,1,Default,Default,Default,Default,Default,Default,1,1,Test BAR_P12 108,176.649 ms,4.7567 ms,2.4879 ms,7000.0000,5300.0000,4600.0000,245.13 MB
ConvertHl7v2Message,Job-NVTHUN,False,Default,Default,Default,Default,Default,Default,11111111,Empty,RyuJit,Default,X64,8c5e7fda-e8bf-4a96-9a85-a6e23a8c635c,.NET 6.0,False,True,False,True,Default,Default,False,False,False,Default,Default,Default,Default,Default,Default,Default,10,10,Default,1,Default,Default,Default,Default,Default,Default,1,1,Test DFT_P03 109,319.816 ms,23.8909 ms,15.8024 ms,12100.0000,9900.0000,9000.0000,493.24 MB
ConvertHl7v2Message,Job-NVTHUN,False,Default,Default,Default,Default,Default,Default,11111111,Empty,RyuJit,Default,X64,8c5e7fda-e8bf-4a96-9a85-a6e23a8c635c,.NET 6.0,False,True,False,True,Default,Default,False,False,False,Default,Default,Default,Default,Default,Default,Default,10,10,Default,1,Default,Default,Default,Default,Default,Default,1,1,Test DFT_P03 110,399.053 ms,39.1987 ms,25.9275 ms,14500.0000,11900.0000,11000.0000,626.17 MB
ConvertHl7v2Message,Job-NVTHUN,False,Default,Default,Default,Default,Default,Default,11111111,Empty,RyuJit,Default,X64,8c5e7fda-e8bf-4a96-9a85-a6e23a8c635c,.NET 6.0,False,True,False,True,Default,Default,False,False,False,Default,Default,Default,Default,Default,Default,Default,10,10,Default,1,Default,Default,Default,Default,Default,Default,1,1,Test DFT_P11 111,263.823 ms,3.8253 ms,2.5302 ms,10400.0000,8500.0000,7500.0000,408.55 MB
ConvertHl7v2Message,Job-NVTHUN,False,Default,Default,Default,Default,Default,Default,11111111,Empty,RyuJit,Default,X64,8c5e7fda-e8bf-4a96-9a85-a6e23a8c635c,.NET 6.0,False,True,False,True,Default,Default,False,False,False,Default,Default,Default,Default,Default,Default,Default,10,10,Default,1,Default,Default,Default,Default,Default,Default,1,1,Test DFT_P11 112,501.397 ms,5.9328 ms,3.5305 ms,18800.0000,15500.0000,14500.0000,891.41 MB
ConvertHl7v2Message,Job-NVTHUN,False,Default,Default,Default,Default,Default,Default,11111111,Empty,RyuJit,Default,X64,8c5e7fda-e8bf-4a96-9a85-a6e23a8c635c,.NET 6.0,False,True,False,True,Default,Default,False,False,False,Default,Default,Default,Default,Default,Default,Default,10,10,Default,1,Default,Default,Default,Default,Default,Default,1,1,Test MDM_T01 73,34.201 ms,2.8779 ms,1.7126 ms,1800.0000,1000.0000,500.0000,42.44 MB
ConvertHl7v2Message,Job-NVTHUN,False,Default,Default,Default,Default,Default,Default,11111111,Empty,RyuJit,Default,X64,8c5e7fda-e8bf-4a96-9a85-a6e23a8c635c,.NET 6.0,False,True,False,True,Default,Default,False,False,False,Default,Default,Default,Default,Default,Default,Default,10,10,Default,1,Default,Default,Default,Default,Default,Default,1,1,Test MDM_T01 74,38.408 ms,0.9614 ms,0.5028 ms,2100.0000,1400.0000,700.0000,47.52 MB
ConvertHl7v2Message,Job-NVTHUN,False,Default,Default,Default,Default,Default,Default,11111111,Empty,RyuJit,Default,X64,8c5e7fda-e8bf-4a96-9a85-a6e23a8c635c,.NET 6.0,False,True,False,True,Default,Default,False,False,False,Default,Default,Default,Default,Default,Default,Default,10,10,Default,1,Default,Default,Default,Default,Default,Default,1,1,Test MDM_T02 75,42.555 ms,3.6835 ms,2.1920 ms,2000.0000,1100.0000,700.0000,49.51 MB
ConvertHl7v2Message,Job-NVTHUN,False,Default,Default,Default,Default,Default,Default,11111111,Empty,RyuJit,Default,X64,8c5e7fda-e8bf-4a96-9a85-a6e23a8c635c,.NET 6.0,False,True,False,True,Default,Default,False,False,False,Default,Default,Default,Default,Default,Default,Default,10,10,Default,1,Default,Default,Default,Default,Default,Default,1,1,Test MDM_T02 76,48.864 ms,1.3755 ms,0.8185 ms,2400.0000,1600.0000,1000.0000,52 MB
ConvertHl7v2Message,Job-NVTHUN,False,Default,Default,Default,Default,Default,Default,11111111,Empty,RyuJit,Default,X64,8c5e7fda-e8bf-4a96-9a85-a6e23a8c635c,.NET 6.0,False,True,False,True,Default,Default,False,False,False,Default,Default,Default,Default,Default,Default,Default,10,10,Default,1,Default,Default,Default,Default,Default,Default,1,1,Test MDM_T02 77,105.291 ms,4.3320 ms,2.8654 ms,4300.0000,3300.0000,2300.0000,120.49 MB
ConvertHl7v2Message,Job-NVTHUN,False,Default,Default,Default,Default,Default,Default,11111111,Empty,RyuJit,Default,X64,8c5e7fda-e8bf-4a96-9a85-a6e23a8c635c,.NET 6.0,False,True,False,True,Default,Default,False,False,False,Default,Default,Default,Default,Default,Default,Default,10,10,Default,1,Default,Default,Default,Default,Default,Default,1,1,Test MDM_T05 78,34.987 ms,2.3782 ms,1.2438 ms,1900.0000,900.0000,600.0000,42.7 MB
ConvertHl7v2Message,Job-NVTHUN,False,Default,Default,Default,Default,Default,Default,11111111,Empty,RyuJit,Default,X64,8c5e7fda-e8bf-4a96-9a85-a6e23a8c635c,.NET 6.0,False,True,False,True,Default,Default,False,False,False,Default,Default,Default,Default,Default,Default,Default,10,10,Default,1,Default,Default,Default,Default,Default,Default,1,1,Test MDM_T05 79,41.146 ms,3.3034 ms,1.9658 ms,2100.0000,1300.0000,700.0000,47.8 MB
ConvertHl7v2Message,Job-NVTHUN,False,Default,Default,Default,Default,Default,Default,11111111,Empty,RyuJit,Default,X64,8c5e7fda-e8bf-4a96-9a85-a6e23a8c635c,.NET 6.0,False,True,False,True,Default,Default,False,False,False,Default,Default,Default,Default,Default,Default,Default,10,10,Default,1,Default,Default,Default,Default,Default,Default,1,1,Test MDM_T06 80,44.543 ms,3.1544 ms,1.8771 ms,2100.0000,1200.0000,800.0000,49.79 MB
ConvertHl7v2Message,Job-NVTHUN,False,Default,Default,Default,Default,Default,Default,11111111,Empty,RyuJit,Default,X64,8c5e7fda-e8bf-4a96-9a85-a6e23a8c635c,.NET 6.0,False,True,False,True,Default,Default,False,False,False,Default,Default,Default,Default,Default,Default,Default,10,10,Default,1,Default,Default,Default,Default,Default,Default,1,1,Test MDM_T06 81,48.993 ms,1.8203 ms,1.2040 ms,2400.0000,1600.0000,1000.0000,52.28 MB
ConvertHl7v2Message,Job-NVTHUN,False,Default,Default,Default,Default,Default,Default,11111111,Empty,RyuJit,Default,X64,8c5e7fda-e8bf-4a96-9a85-a6e23a8c635c,.NET 6.0,False,True,False,True,Default,Default,False,False,False,Default,Default,Default,Default,Default,Default,Default,10,10,Default,1,Default,Default,Default,Default,Default,Default,1,1,Test MDM_T09 82,47.324 ms,9.1134 ms,6.0280 ms,1900.0000,900.0000,600.0000,42.7 MB
ConvertHl7v2Message,Job-NVTHUN,False,Default,Default,Default,Default,Default,Default,11111111,Empty,RyuJit,Default,X64,8c5e7fda-e8bf-4a96-9a85-a6e23a8c635c,.NET 6.0,False,True,False,True,Default,Default,False,False,False,Default,Default,Default,Default,Default,Default,Default,10,10,Default,1,Default,Default,Default,Default,Default,Default,1,1,Test MDM_T09 83,40.818 ms,3.0950 ms,1.8418 ms,2100.0000,1200.0000,700.0000,47.79 MB
ConvertHl7v2Message,Job-NVTHUN,False,Default,Default,Default,Default,Default,Default,11111111,Empty,RyuJit,Default,X64,8c5e7fda-e8bf-4a96-9a85-a6e23a8c635c,.NET 6.0,False,True,False,True,Default,Default,False,False,False,Default,Default,Default,Default,Default,Default,Default,10,10,Default,1,Default,Default,Default,Default,Default,Default,1,1,Test MDM_T10 84,41.881 ms,4.1892 ms,2.4929 ms,2100.0000,1200.0000,800.0000,49.69 MB
ConvertHl7v2Message,Job-NVTHUN,False,Default,Default,Default,Default,Default,Default,11111111,Empty,RyuJit,Default,X64,8c5e7fda-e8bf-4a96-9a85-a6e23a8c635c,.NET 6.0,False,True,False,True,Default,Default,False,False,False,Default,Default,Default,Default,Default,Default,Default,10,10,Default,1,Default,Default,Default,Default,Default,Default,1,1,Test MDM_T10 85,50.174 ms,3.9738 ms,2.3648 ms,2400.0000,1600.0000,1000.0000,52.28 MB
ConvertHl7v2Message,Job-NVTHUN,False,Default,Default,Default,Default,Default,Default,11111111,Empty,RyuJit,Default,X64,8c5e7fda-e8bf-4a96-9a85-a6e23a8c635c,.NET 6.0,False,True,False,True,Default,Default,False,False,False,Default,Default,Default,Default,Default,Default,Default,10,10,Default,1,Default,Default,Default,Default,Default,Default,1,1,Test OMG_O19 113,"1,257.397 ms",198.1281 ms,117.9028 ms,46600.0000,42100.0000,40500.0000,2091.54 MB
ConvertHl7v2Message,Job-NVTHUN,False,Default,Default,Default,Default,Default,Default,11111111,Empty,RyuJit,Default,X64,8c5e7fda-e8bf-4a96-9a85-a6e23a8c635c,.NET 6.0,False,True,False,True,Default,Default,False,False,False,Default,Default,Default,Default,Default,Default,Default,10,10,Default,1,Default,Default,Default,Default,Default,Default,1,1,Test OMG_O19 114,"1,195.091 ms",10.2031 ms,5.3364 ms,40700.0000,35900.0000,34600.0000,2053.51 MB
ConvertHl7v2Message,Job-NVTHUN,False,Default,Default,Default,Default,Default,Default,11111111,Empty,RyuJit,Default,X64,8c5e7fda-e8bf-4a96-9a85-a6e23a8c635c,.NET 6.0,False,True,False,True,Default,Default,False,False,False,Default,Default,Default,Default,Default,Default,Default,10,10,Default,1,Default,Default,Default,Default,Default,Default,1,1,Test OML_O21 124,32.079 ms,1.0885 ms,0.5693 ms,1800.0000,900.0000,500.0000,36.04 MB
ConvertHl7v2Message,Job-NVTHUN,False,Default,Default,Default,Default,Default,Default,11111111,Empty,RyuJit,Default,X64,8c5e7fda-e8bf-4a96-9a85-a6e23a8c635c,.NET 6.0,False,True,False,True,Default,Default,False,False,False,Default,Default,Default,Default,Default,Default,Default,10,10,Default,1,Default,Default,Default,Default,Default,Default,1,1,Test OML_O21 125,116.579 ms,2.5080 ms,1.6589 ms,5200.0000,3700.0000,3000.0000,159.32 MB
ConvertHl7v2Message,Job-NVTHUN,False,Default,Default,Default,Default,Default,Default,11111111,Empty,RyuJit,Default,X64,8c5e7fda-e8bf-4a96-9a85-a6e23a8c635c,.NET 6.0,False,True,False,True,Default,Default,False,False,False,Default,Default,Default,Default,Default,Default,Default,10,10,Default,1,Default,Default,Default,Default,Default,Default,1,1,Test OML_O21 92,259.141 ms,18.2100 ms,12.0448 ms,9900.0000,8100.0000,7200.0000,364.46 MB
ConvertHl7v2Message,Job-NVTHUN,False,Default,Default,Default,Default,Default,Default,11111111,Empty,RyuJit,Default,X64,8c5e7fda-e8bf-4a96-9a85-a6e23a8c635c,.NET 6.0,False,True,False,True,Default,Default,False,False,False,Default,Default,Default,Default,Default,Default,Default,10,10,Default,1,Default,Default,Default,Default,Default,Default,1,1,Test OML_O21 93,167.545 ms,2.2276 ms,1.4734 ms,6700.0000,5200.0000,4500.0000,229.06 MB
ConvertHl7v2Message,Job-NVTHUN,False,Default,Default,Default,Default,Default,Default,11111111,Empty,RyuJit,Default,X64,8c5e7fda-e8bf-4a96-9a85-a6e23a8c635c,.NET 6.0,False,True,False,True,Default,Default,False,False,False,Default,Default,Default,Default,Default,Default,Default,10,10,Default,1,Default,Default,Default,Default,Default,Default,1,1,Test OML_O21 94,"1,674.223 ms",324.5713 ms,214.6838 ms,55400.0000,50000.0000,48600.0000,2836.22 MB
ConvertHl7v2Message,Job-NVTHUN,False,Default,Default,Default,Default,Default,Default,11111111,Empty,RyuJit,Default,X64,8c5e7fda-e8bf-4a96-9a85-a6e23a8c635c,.NET 6.0,False,True,False,True,Default,Default,False,False,False,Default,Default,Default,Default,Default,Default,Default,10,10,Default,1,Default,Default,Default,Default,Default,Default,1,1,Test ORM_O01 67,119.590 ms,3.4962 ms,2.3126 ms,5000.0000,3900.0000,3200.0000,166.11 MB
ConvertHl7v2Message,Job-NVTHUN,False,Default,Default,Default,Default,Default,Default,11111111,Empty,RyuJit,Default,X64,8c5e7fda-e8bf-4a96-9a85-a6e23a8c635c,.NET 6.0,False,True,False,True,Default,Default,False,False,False,Default,Default,Default,Default,Default,Default,Default,10,10,Default,1,Default,Default,Default,Default,Default,Default,1,1,Test ORM_O01 68,138.363 ms,3.1985 ms,2.1156 ms,5500.0000,4100.0000,3600.0000,188.69 MB
ConvertHl7v2Message,Job-NVTHUN,False,Default,Default,Default,Default,Default,Default,11111111,Empty,RyuJit,Default,X64,8c5e7fda-e8bf-4a96-9a85-a6e23a8c635c,.NET 6.0,False,True,False,True,Default,Default,False,False,False,Default,Default,Default,Default,Default,Default,Default,10,10,Default,1,Default,Default,Default,Default,Default,Default,1,1,Test ORM_O01 69,107.984 ms,2.5704 ms,1.7002 ms,4500.0000,3800.0000,2800.0000,140.33 MB
ConvertHl7v2Message,Job-NVTHUN,False,Default,Default,Default,Default,Default,Default,11111111,Empty,RyuJit,Default,X64,8c5e7fda-e8bf-4a96-9a85-a6e23a8c635c,.NET 6.0,False,True,False,True,Default,Default,False,False,False,Default,Default,Default,Default,Default,Default,Default,10,10,Default,1,Default,Default,Default,Default,Default,Default,1,1,Test ORM_O01 70,125.702 ms,4.2060 ms,2.7820 ms,5200.0000,4100.0000,3300.0000,171.36 MB
ConvertHl7v2Message,Job-NVTHUN,False,Default,Default,Default,Default,Default,Default,11111111,Empty,RyuJit,Default,X64,8c5e7fda-e8bf-4a96-9a85-a6e23a8c635c,.NET 6.0,False,True,False,True,Default,Default,False,False,False,Default,Default,Default,Default,Default,Default,Default,10,10,Default,1,Default,Default,Default,Default,Default,Default,1,1,Test ORM_O01 71,130.475 ms,4.2783 ms,2.5460 ms,5400.0000,4000.0000,3500.0000,179.06 MB
ConvertHl7v2Message,Job-NVTHUN,False,Default,Default,Default,Default,Default,Default,11111111,Empty,RyuJit,Default,X64,8c5e7fda-e8bf-4a96-9a85-a6e23a8c635c,.NET 6.0,False,True,False,True,Default,Default,False,False,False,Default,Default,Default,Default,Default,Default,Default,10,10,Default,1,Default,Default,Default,Default,Default,Default,1,1,Test ORM_O01 72,153.627 ms,5.2747 ms,3.4889 ms,6100.0000,5000.0000,4100.0000,211.24 MB
ConvertHl7v2Message,Job-NVTHUN,False,Default,Default,Default,Default,Default,Default,11111111,Empty,RyuJit,Default,X64,8c5e7fda-e8bf-4a96-9a85-a6e23a8c635c,.NET 6.0,False,True,False,True,Default,Default,False,False,False,Default,Default,Default,Default,Default,Default,Default,10,10,Default,1,Default,Default,Default,Default,Default,Default,1,1,Test ORU_R01 126,125.128 ms,1.4331 ms,0.8528 ms,4800.0000,3900.0000,3000.0000,164.38 MB
ConvertHl7v2Message,Job-NVTHUN,False,Default,Default,Default,Default,Default,Default,11111111,Empty,RyuJit,Default,X64,8c5e7fda-e8bf-4a96-9a85-a6e23a8c635c,.NET 6.0,False,True,False,True,Default,Default,False,False,False,Default,Default,Default,Default,Default,Default,Default,10,10,Default,1,Default,Default,Default,Default,Default,Default,1,1,Test ORU_R01 127,133.054 ms,4.1082 ms,2.7173 ms,5300.0000,4400.0000,3400.0000,172.78 MB
ConvertHl7v2Message,Job-NVTHUN,False,Default,Default,Default,Default,Default,Default,11111111,Empty,RyuJit,Default,X64,8c5e7fda-e8bf-4a96-9a85-a6e23a8c635c,.NET 6.0,False,True,False,True,Default,Default,False,False,False,Default,Default,Default,Default,Default,Default,Default,10,10,Default,1,Default,Default,Default,Default,Default,Default,1,1,Test ORU_R01 128,"1,359.709 ms",21.5062 ms,14.2250 ms,49400.0000,42700.0000,41100.0000,3103.05 MB
ConvertHl7v2Message,Job-NVTHUN,False,Default,Default,Default,Default,Default,Default,11111111,Empty,RyuJit,Default,X64,8c5e7fda-e8bf-4a96-9a85-a6e23a8c635c,.NET 6.0,False,True,False,True,Default,Default,False,False,False,Default,Default,Default,Default,Default,Default,Default,10,10,Default,1,Default,Default,Default,Default,Default,Default,1,1,Test ORU_R01 129,18.020 ms,3.0023 ms,1.9858 ms,900.0000,500.0000,100.0000,18.02 MB
ConvertHl7v2Message,Job-NVTHUN,False,Default,Default,Default,Default,Default,Default,11111111,Empty,RyuJit,Default,X64,8c5e7fda-e8bf-4a96-9a85-a6e23a8c635c,.NET 6.0,False,True,False,True,Default,Default,False,False,False,Default,Default,Default,Default,Default,Default,Default,10,10,Default,1,Default,Default,Default,Default,Default,Default,1,1,Test ORU_R01 66,461.986 ms,11.8953 ms,6.2215 ms,17700.0000,14500.0000,13600.0000,800.91 MB
ConvertHl7v2Message,Job-NVTHUN,False,Default,Default,Default,Default,Default,Default,11111111,Empty,RyuJit,Default,X64,8c5e7fda-e8bf-4a96-9a85-a6e23a8c635c,.NET 6.0,False,True,False,True,Default,Default,False,False,False,Default,Default,Default,Default,Default,Default,Default,10,10,Default,1,Default,Default,Default,Default,Default,Default,1,1,Test OUL_R22 95,256.102 ms,23.4166 ms,15.4886 ms,9500.0000,7500.0000,6700.0000,365.07 MB
ConvertHl7v2Message,Job-NVTHUN,False,Default,Default,Default,Default,Default,Default,11111111,Empty,RyuJit,Default,X64,8c5e7fda-e8bf-4a96-9a85-a6e23a8c635c,.NET 6.0,False,True,False,True,Default,Default,False,False,False,Default,Default,Default,Default,Default,Default,Default,10,10,Default,1,Default,Default,Default,Default,Default,Default,1,1,Test OUL_R22 96,242.520 ms,5.8523 ms,3.8710 ms,9700.0000,7700.0000,6800.0000,368.84 MB
ConvertHl7v2Message,Job-NVTHUN,False,Default,Default,Default,Default,Default,Default,11111111,Empty,RyuJit,Default,X64,8c5e7fda-e8bf-4a96-9a85-a6e23a8c635c,.NET 6.0,False,True,False,True,Default,Default,False,False,False,Default,Default,Default,Default,Default,Default,Default,10,10,Default,1,Default,Default,Default,Default,Default,Default,1,1,Test OUL_R23 97,329.539 ms,2.5753 ms,1.5325 ms,12600.0000,10200.0000,9300.0000,532.36 MB
ConvertHl7v2Message,Job-NVTHUN,False,Default,Default,Default,Default,Default,Default,11111111,Empty,RyuJit,Default,X64,8c5e7fda-e8bf-4a96-9a85-a6e23a8c635c,.NET 6.0,False,True,False,True,Default,Default,False,False,False,Default,Default,Default,Default,Default,Default,Default,10,10,Default,1,Default,Default,Default,Default,Default,Default,1,1,Test OUL_R23 98,349.981 ms,30.8698 ms,20.4185 ms,13200.0000,10600.0000,9700.0000,538.63 MB
ConvertHl7v2Message,Job-NVTHUN,False,Default,Default,Default,Default,Default,Default,11111111,Empty,RyuJit,Default,X64,8c5e7fda-e8bf-4a96-9a85-a6e23a8c635c,.NET 6.0,False,True,False,True,Default,Default,False,False,False,Default,Default,Default,Default,Default,Default,Default,10,10,Default,1,Default,Default,Default,Default,Default,Default,1,1,Test OUL_R24 100,226.620 ms,5.8712 ms,3.8834 ms,9000.0000,6900.0000,6100.0000,331.96 MB
ConvertHl7v2Message,Job-NVTHUN,False,Default,Default,Default,Default,Default,Default,11111111,Empty,RyuJit,Default,X64,8c5e7fda-e8bf-4a96-9a85-a6e23a8c635c,.NET 6.0,False,True,False,True,Default,Default,False,False,False,Default,Default,Default,Default,Default,Default,Default,10,10,Default,1,Default,Default,Default,Default,Default,Default,1,1,Test OUL_R24 99,439.843 ms,41.2389 ms,27.2770 ms,16400.0000,13600.0000,12600.0000,709.25 MB
ConvertHl7v2Message,Job-NVTHUN,False,Default,Default,Default,Default,Default,Default,11111111,Empty,RyuJit,Default,X64,8c5e7fda-e8bf-4a96-9a85-a6e23a8c635c,.NET 6.0,False,True,False,True,Default,Default,False,False,False,Default,Default,Default,Default,Default,Default,Default,10,10,Default,1,Default,Default,Default,Default,Default,Default,1,1,Test RDE_O11 86,461.913 ms,45.7284 ms,30.2465 ms,17100.0000,14300.0000,13300.0000,757.24 MB
ConvertHl7v2Message,Job-NVTHUN,False,Default,Default,Default,Default,Default,Default,11111111,Empty,RyuJit,Default,X64,8c5e7fda-e8bf-4a96-9a85-a6e23a8c635c,.NET 6.0,False,True,False,True,Default,Default,False,False,False,Default,Default,Default,Default,Default,Default,Default,10,10,Default,1,Default,Default,Default,Default,Default,Default,1,1,Test RDE_O11 87,417.937 ms,36.4166 ms,24.0873 ms,15600.0000,12900.0000,12000.0000,665.11 MB
ConvertHl7v2Message,Job-NVTHUN,False,Default,Default,Default,Default,Default,Default,11111111,Empty,RyuJit,Default,X64,8c5e7fda-e8bf-4a96-9a85-a6e23a8c635c,.NET 6.0,False,True,False,True,Default,Default,False,False,False,Default,Default,Default,Default,Default,Default,Default,10,10,Default,1,Default,Default,Default,Default,Default,Default,1,1,Test RDE_O25 88,448.251 ms,10.4376 ms,5.4591 ms,16700.0000,13900.0000,12900.0000,760.11 MB
ConvertHl7v2Message,Job-NVTHUN,False,Default,Default,Default,Default,Default,Default,11111111,Empty,RyuJit,Default,X64,8c5e7fda-e8bf-4a96-9a85-a6e23a8c635c,.NET 6.0,False,True,False,True,Default,Default,False,False,False,Default,Default,Default,Default,Default,Default,Default,10,10,Default,1,Default,Default,Default,Default,Default,Default,1,1,Test RDE_O25 89,417.373 ms,31.5378 ms,20.8603 ms,15400.0000,12600.0000,11800.0000,670.27 MB
ConvertHl7v2Message,Job-NVTHUN,False,Default,Default,Default,Default,Default,Default,11111111,Empty,RyuJit,Default,X64,8c5e7fda-e8bf-4a96-9a85-a6e23a8c635c,.NET 6.0,False,True,False,True,Default,Default,False,False,False,Default,Default,Default,Default,Default,Default,Default,10,10,Default,1,Default,Default,Default,Default,Default,Default,1,1,Test RDS_O13 90,371.987 ms,7.0157 ms,4.6404 ms,14600.0000,12100.0000,11200.0000,621.76 MB
ConvertHl7v2Message,Job-NVTHUN,False,Default,Default,Default,Default,Default,Default,11111111,Empty,RyuJit,Default,X64,8c5e7fda-e8bf-4a96-9a85-a6e23a8c635c,.NET 6.0,False,True,False,True,Default,Default,False,False,False,Default,Default,Default,Default,Default,Default,Default,10,10,Default,1,Default,Default,Default,Default,Default,Default,1,1,Test RDS_O13 91,293.580 ms,16.0118 ms,10.5908 ms,11100.0000,9200.0000,8200.0000,454.15 MB
ConvertHl7v2Message,Job-NVTHUN,False,Default,Default,Default,Default,Default,Default,11111111,Empty,RyuJit,Default,X64,8c5e7fda-e8bf-4a96-9a85-a6e23a8c635c,.NET 6.0,False,True,False,True,Default,Default,False,False,False,Default,Default,Default,Default,Default,Default,Default,10,10,Default,1,Default,Default,Default,Default,Default,Default,1,1,Test REF_I12 115,287.056 ms,4.3993 ms,2.9099 ms,11000.0000,9000.0000,8000.0000,437.08 MB
ConvertHl7v2Message,Job-NVTHUN,False,Default,Default,Default,Default,Default,Default,11111111,Empty,RyuJit,Default,X64,8c5e7fda-e8bf-4a96-9a85-a6e23a8c635c,.NET 6.0,False,True,False,True,Default,Default,False,False,False,Default,Default,Default,Default,Default,Default,Default,10,10,Default,1,Default,Default,Default,Default,Default,Default,1,1,Test REF_I12 116,352.753 ms,38.6552 ms,25.5680 ms,13000.0000,10400.0000,9700.0000,524.43 MB
ConvertHl7v2Message,Job-NVTHUN,False,Default,Default,Default,Default,Default,Default,11111111,Empty,RyuJit,Default,X64,8c5e7fda-e8bf-4a96-9a85-a6e23a8c635c,.NET 6.0,False,True,False,True,Default,Default,False,False,False,Default,Default,Default,Default,Default,Default,Default,10,10,Default,1,Default,Default,Default,Default,Default,Default,1,1,Test REF_I14 117,281.052 ms,24.3983 ms,16.1380 ms,10600.0000,8300.0000,7700.0000,411.81 MB
ConvertHl7v2Message,Job-NVTHUN,False,Default,Default,Default,Default,Default,Default,11111111,Empty,RyuJit,Default,X64,8c5e7fda-e8bf-4a96-9a85-a6e23a8c635c,.NET 6.0,False,True,False,True,Default,Default,False,False,False,Default,Default,Default,Default,Default,Default,Default,10,10,Default,1,Default,Default,Default,Default,Default,Default,1,1,Test REF_I14 118,348.242 ms,30.3866 ms,20.0989 ms,13000.0000,10400.0000,9700.0000,523.88 MB
ConvertHl7v2Message,Job-NVTHUN,False,Default,Default,Default,Default,Default,Default,11111111,Empty,RyuJit,Default,X64,8c5e7fda-e8bf-4a96-9a85-a6e23a8c635c,.NET 6.0,False,True,False,True,Default,Default,False,False,False,Default,Default,Default,Default,Default,Default,Default,10,10,Default,1,Default,Default,Default,Default,Default,Default,1,1,Test SIU_S12 52,116.230 ms,2.5331 ms,1.6755 ms,5100.0000,4000.0000,3000.0000,154.87 MB
ConvertHl7v2Message,Job-NVTHUN,False,Default,Default,Default,Default,Default,Default,11111111,Empty,RyuJit,Default,X64,8c5e7fda-e8bf-4a96-9a85-a6e23a8c635c,.NET 6.0,False,True,False,True,Default,Default,False,False,False,Default,Default,Default,Default,Default,Default,Default,10,10,Default,1,Default,Default,Default,Default,Default,Default,1,1,Test SIU_S12 53,89.778 ms,3.2238 ms,2.1324 ms,3900.0000,3000.0000,2100.0000,117.21 MB
ConvertHl7v2Message,Job-NVTHUN,False,Default,Default,Default,Default,Default,Default,11111111,Empty,RyuJit,Default,X64,8c5e7fda-e8bf-4a96-9a85-a6e23a8c635c,.NET 6.0,False,True,False,True,Default,Default,False,False,False,Default,Default,Default,Default,Default,Default,Default,10,10,Default,1,Default,Default,Default,Default,Default,Default,1,1,Test SIU_S13 54,58.712 ms,1.2842 ms,0.7642 ms,2800.0000,1800.0000,1300.0000,75.51 MB
ConvertHl7v2Message,Job-NVTHUN,False,Default,Default,Default,Default,Default,Default,11111111,Empty,RyuJit,Default,X64,8c5e7fda-e8bf-4a96-9a85-a6e23a8c635c,.NET 6.0,False,True,False,True,Default,Default,False,False,False,Default,Default,Default,Default,Default,Default,Default,10,10,Default,1,Default,Default,Default,Default,Default,Default,1,1,Test SIU_S13 55,90.519 ms,3.1542 ms,2.0863 ms,3900.0000,3100.0000,2100.0000,117.29 MB
ConvertHl7v2Message,Job-NVTHUN,False,Default,Default,Default,Default,Default,Default,11111111,Empty,RyuJit,Default,X64,8c5e7fda-e8bf-4a96-9a85-a6e23a8c635c,.NET 6.0,False,True,False,True,Default,Default,False,False,False,Default,Default,Default,Default,Default,Default,Default,10,10,Default,1,Default,Default,Default,Default,Default,Default,1,1,Test SIU_S14 56,60.223 ms,2.7697 ms,1.6482 ms,2800.0000,1800.0000,1300.0000,75.51 MB
ConvertHl7v2Message,Job-NVTHUN,False,Default,Default,Default,Default,Default,Default,11111111,Empty,RyuJit,Default,X64,8c5e7fda-e8bf-4a96-9a85-a6e23a8c635c,.NET 6.0,False,True,False,True,Default,Default,False,False,False,Default,Default,Default,Default,Default,Default,Default,10,10,Default,1,Default,Default,Default,Default,Default,Default,1,1,Test SIU_S14 57,90.107 ms,2.3668 ms,1.4085 ms,3900.0000,3000.0000,2100.0000,117.31 MB
ConvertHl7v2Message,Job-NVTHUN,False,Default,Default,Default,Default,Default,Default,11111111,Empty,RyuJit,Default,X64,8c5e7fda-e8bf-4a96-9a85-a6e23a8c635c,.NET 6.0,False,True,False,True,Default,Default,False,False,False,Default,Default,Default,Default,Default,Default,Default,10,10,Default,1,Default,Default,Default,Default,Default,Default,1,1,Test SIU_S15 58,62.263 ms,2.9525 ms,1.9529 ms,2800.0000,1700.0000,1300.0000,75.44 MB
ConvertHl7v2Message,Job-NVTHUN,False,Default,Default,Default,Default,Default,Default,11111111,Empty,RyuJit,Default,X64,8c5e7fda-e8bf-4a96-9a85-a6e23a8c635c,.NET 6.0,False,True,False,True,Default,Default,False,False,False,Default,Default,Default,Default,Default,Default,Default,10,10,Default,1,Default,Default,Default,Default,Default,Default,1,1,Test SIU_S15 59,88.201 ms,2.4102 ms,1.4343 ms,3900.0000,3000.0000,2100.0000,116.69 MB
ConvertHl7v2Message,Job-NVTHUN,False,Default,Default,Default,Default,Default,Default,11111111,Empty,RyuJit,Default,X64,8c5e7fda-e8bf-4a96-9a85-a6e23a8c635c,.NET 6.0,False,True,False,True,Default,Default,False,False,False,Default,Default,Default,Default,Default,Default,Default,10,10,Default,1,Default,Default,Default,Default,Default,Default,1,1,Test SIU_S16 60,58.847 ms,1.4248 ms,0.8479 ms,2800.0000,1900.0000,1300.0000,75.45 MB
ConvertHl7v2Message,Job-NVTHUN,False,Default,Default,Default,Default,Default,Default,11111111,Empty,RyuJit,Default,X64,8c5e7fda-e8bf-4a96-9a85-a6e23a8c635c,.NET 6.0,False,True,False,True,Default,Default,False,False,False,Default,Default,Default,Default,Default,Default,Default,10,10,Default,1,Default,Default,Default,Default,Default,Default,1,1,Test SIU_S16 61,89.032 ms,2.8181 ms,1.6770 ms,3900.0000,3000.0000,2100.0000,117.2 MB
ConvertHl7v2Message,Job-NVTHUN,False,Default,Default,Default,Default,Default,Default,11111111,Empty,RyuJit,Default,X64,8c5e7fda-e8bf-4a96-9a85-a6e23a8c635c,.NET 6.0,False,True,False,True,Default,Default,False,False,False,Default,Default,Default,Default,Default,Default,Default,10,10,Default,1,Default,Default,Default,Default,Default,Default,1,1,Test SIU_S17 62,59.249 ms,1.7523 ms,1.0428 ms,2800.0000,1900.0000,1300.0000,75.45 MB
ConvertHl7v2Message,Job-NVTHUN,False,Default,Default,Default,Default,Default,Default,11111111,Empty,RyuJit,Default,X64,8c5e7fda-e8bf-4a96-9a85-a6e23a8c635c,.NET 6.0,False,True,False,True,Default,Default,False,False,False,Default,Default,Default,Default,Default,Default,Default,10,10,Default,1,Default,Default,Default,Default,Default,Default,1,1,Test SIU_S17 63,91.309 ms,2.6742 ms,1.7688 ms,3800.0000,2900.0000,2000.0000,117.21 MB
ConvertHl7v2Message,Job-NVTHUN,False,Default,Default,Default,Default,Default,Default,11111111,Empty,RyuJit,Default,X64,8c5e7fda-e8bf-4a96-9a85-a6e23a8c635c,.NET 6.0,False,True,False,True,Default,Default,False,False,False,Default,Default,Default,Default,Default,Default,Default,10,10,Default,1,Default,Default,Default,Default,Default,Default,1,1,Test SIU_S26 64,56.975 ms,2.0271 ms,1.2063 ms,2800.0000,1900.0000,1300.0000,71.51 MB
ConvertHl7v2Message,Job-NVTHUN,False,Default,Default,Default,Default,Default,Default,11111111,Empty,RyuJit,Default,X64,8c5e7fda-e8bf-4a96-9a85-a6e23a8c635c,.NET 6.0,False,True,False,True,Default,Default,False,False,False,Default,Default,Default,Default,Default,Default,Default,10,10,Default,1,Default,Default,Default,Default,Default,Default,1,1,Test SIU_S26 65,89.025 ms,3.5629 ms,2.3567 ms,3900.0000,3100.0000,2100.0000,117.15 MB
ConvertHl7v2Message,Job-NVTHUN,False,Default,Default,Default,Default,Default,Default,11111111,Empty,RyuJit,Default,X64,8c5e7fda-e8bf-4a96-9a85-a6e23a8c635c,.NET 6.0,False,True,False,True,Default,Default,False,False,False,Default,Default,Default,Default,Default,Default,Default,10,10,Default,1,Default,Default,Default,Default,Default,Default,1,1,Test VXU_V04 101,471.782 ms,36.0932 ms,23.8734 ms,17300.0000,14300.0000,13300.0000,769.22 MB
ConvertHl7v2Message,Job-NVTHUN,False,Default,Default,Default,Default,Default,Default,11111111,Empty,RyuJit,Default,X64,8c5e7fda-e8bf-4a96-9a85-a6e23a8c635c,.NET 6.0,False,True,False,True,Default,Default,False,False,False,Default,Default,Default,Default,Default,Default,Default,10,10,Default,1,Default,Default,Default,Default,Default,Default,1,1,Test VXU_V04 102,342.798 ms,4.4726 ms,2.9584 ms,13500.0000,10700.0000,10100.0000,551.94 MB
ConvertHl7v2Message,Job-NVTHUN,False,Default,Default,Default,Default,Default,Default,11111111,Empty,RyuJit,Default,X64,8c5e7fda-e8bf-4a96-9a85-a6e23a8c635c,.NET 6.0,False,True,False,True,Default,Default,False,False,False,Default,Default,Default,Default,Default,Default,Default,10,10,Default,1,Default,Default,Default,Default,Default,Default,1,1,Test VXU_V04 130,48.227 ms,1.2417 ms,0.6494 ms,2100.0000,1600.0000,1000.0000,53.43 MB
ConvertHl7v2Message,Job-NVTHUN,False,Default,Default,Default,Default,Default,Default,11111111,Empty,RyuJit,Default,X64,8c5e7fda-e8bf-4a96-9a85-a6e23a8c635c,.NET 6.0,False,True,False,True,Default,Default,False,False,False,Default,Default,Default,Default,Default,Default,Default,10,10,Default,1,Default,Default,Default,Default,Default,Default,1,1,Test VXU_V04 131,64.658 ms,4.3331 ms,2.8661 ms,2700.0000,2200.0000,1500.0000,75.31 MB
